-14.3,2055.6,4.7
-12.4,1620,3.6
-11.1,1206,1.1
-10.6,1425.6,0.6
-10.7,1530,0.6
-10.8,1400.4,1.7
-12.4,1180.8,1.1
-14.3,1450.8,1.1
-13.1,1699.2,1.1
-14.6,1954.8,1.9
-13.9,2206.8,2.5
-13.6,2581.2,1.9
-13.3,2286,1.9
-13.5,1810.8,1.9
-12.6,1987.2,0.6
-12.6,1368,1.1
-14,1119.6,1.7
-13.3,997.2,0.6
-13.7,1501.2,1.1
-14,1821.6,1.7
-13.7,1828.8,1.1
-14.2,1519.2,0.6
-14.6,1249.2,1.7
-14.7,1425.6,2.5
-14.5,1461.6,1.1
-13.7,1332,1.1
-13.6,1537.2,0
-13,1760.4,0
-13.4,1915.2,0.6
-13.1,1940.4,1.1
-12.5,2016,0.6
-14.2,2361.6,3.1
-14,2635.2,3.6
-14.2,2739.6,2.5
-14.6,2739.6,2.5
-14.7,2653.2,1.7
-14.4,2440.8,0.6
-13.7,2142,0
-13.2,2120.4,0.6
-14.6,1753.2,0.6
-14.2,1796.4,1.1
-14.6,2008.8,1.7
-14.9,1886.4,1.7
-13.4,1796.4,0
-14.4,1670.4,0.6
-14.5,1674,0.6
-14.6,1072.8,0.6
-15.3,907.2,1.7
-14.1,676.8,1.1
-13.5,1191.6,1.7
-13.8,1742.4,1.7
-14.6,2001.6,2.5
-14.9,2181.6,3.1
-15,2030.4,3.6
-15.1,2052,2.5
-14.8,1951.2,1.9
-15,2437.2,2.5
-14.5,2257.2,3.1
-14.6,2595.6,3.1
-14.5,2617.2,3.1
-14.8,2368.8,2.5
-14.5,2192.4,3.1
-14.5,2365.2,3.1
-14.7,1645.2,1.7
-15.1,2268,1.1
-15.2,2422.8,1.9
-15,2329.2,1.1
-15.3,2192.4,1.9
-15.5,2095.2,1.9
-16.6,1756.8,1.7
-15.3,1605.6,0
-15.4,1609.2,0.6
-15.4,1454.4,0.6
-16,1602,1.1
-15.8,1591.2,1.1
-12.9,1717.2,3.1
-12.8,1810.8,5.3
-12.1,1699.2,8.9
-12,2073.6,9.2
-11.9,2106,9.2
-11.8,2214,8.9
-11.8,2692.8,7.2
-11.7,3034.8,8.9
-11.6,3063.6,9.2
-13.7,3038.4,2.5
-14.5,3016.8,3.1
-14.6,2944.8,3.1
-14.7,2872.8,3.6
-14.5,2761.2,2.5
-14.7,2635.2,2.5
-14.9,2491.2,1.9
-15,2383.2,1.7
-15.3,2088,1.1
-16.2,1915.2,0.6
-16.3,2156.4,0.6
-15.6,2224.8,0.6
-17,2088,0.6
-16.8,2026.8,1.1
-17.6,2124,1.7
-15.8,2300.4,0.6
-16.1,2462.4,0.6
-17.2,2653.2,0.6
-17.9,2772,0.6
-16.8,2872.8,1.1
-16.7,2937.6,0.6
-15.6,2970,0
-15.1,3132,0
-14.2,3135.6,0
-16.4,2988,1.9
-17.1,3074.4,0.6
-15.5,3009.6,1.1
-15.4,2829.6,1.1
-16.6,2739.6,1.7
-17.5,2696.4,1.9
-17.3,2498.4,1.1
-17.3,2354.4,1.1
-18.1,2264.4,1.7
-18.7,2156.4,1.7
-18.9,1969.2,2.5
-19.5,1814.4,2.5
-18.7,1508.4,1.9
-19.1,1540.8,1.9
-18.4,1526.4,1.9
-17.4,1400.4,2.5
-16.5,1098,1.9
-16,1087.2,1.7
-15.2,637.2,1.1
-15.6,594,1.7
-15.4,622.8,1.9
-15.1,1350,4.7
-14.7,1828.8,4.7
-14.9,1692,4.2
-15.7,1699.2,1.9
-15.9,2250,1.1
-15.5,2037.6,0.6
-15.2,2109.6,0.6
-16.2,2206.8,1.1
-17.7,2408.4,1.9
-18.1,2232,1.7
-17.4,2052,0.6
-18.2,2044.8,0
-18.6,1897.2,1.1
-18.8,1713.6,1.1
-18.8,1702.8,0.6
-18.8,1562.4,0.6
-18.1,1533.6,0
-18.2,1551.6,0.6
-18.4,1749.6,1.7
-18.7,1828.8,1.7
-18.7,1731.6,2.5
-18.9,2098.8,3.1
-18.7,2412,3.6
-18.9,2278.8,3.1
-18.8,2458.8,1.7
-18.8,2728.8,1.9
-18.9,2898,1.9
-19.3,2797.2,2.5
-18.9,2613.6,1.9
-19.3,2358,2.5
-19.3,2430,3.1
-19.5,2440.8,3.6
-19.5,2246.4,3.6
-19.1,2116.8,3.6
-19.4,2106,4.7
-19.6,1836,4.7
-19.7,1443.6,4.2
-19.4,1278,1.7
-19.6,1353.6,1.9
-19.8,1321.2,4.2
-19.7,1206,2.5
-19.6,1386,1.7
-19.6,1713.6,1.7
-19.4,1468.8,0.6
-19.4,1425.6,1.9
-19.7,1465.2,1.7
-19.4,1558.8,1.7
-19.4,1656,1.7
-19.2,1792.8,1.7
-19.2,2318.4,1.7
-19.2,2282.4,1.7
-19.1,1976.4,1.7
-19.1,2084.4,1.9
-18.7,2080.8,1.7
-18.8,2030.4,1.7
-18.7,2102.4,1.1
-18.9,1994.4,1.7
-19.1,2289.6,1.9
-19,2329.2,1.9
-19.1,2120.4,1.9
-19.2,1728,1.1
-19.3,1544.4,1.7
-19.4,1609.2,1.7
-19.5,1544.4,1.1
-19.4,1634.4,0.6
-19.6,1764,2.5
-19.8,1915.2,2.5
-19.9,1940.4,1.9
-19.8,1720.8,1.7
-20.1,2016,1.9
-19.8,2156.4,1.7
-19.9,2347.2,1.7
-19.8,2541.6,1.7
-19.4,2426.4,1.1
-19.4,2757.6,1.1
-19.7,2707.2,2.5
-19.9,2476.8,2.5
-19.7,2221.2,1.7
-19.6,2232,1.7
-20,2242.8,1.9
-19.9,2232,1.9
-19,2156.4,1.1
-20.4,2034,1.7
-20.4,2016,1.1
-21.1,1656,2.5
-21.6,1681.2,2.5
-21.4,1393.2,1.9
-20.9,1018.8,1.9
-20.6,1404,1.9
-20.6,1216.8,2.5
-20.4,1134,2.5
-20.3,1177.2,3.6
-20.3,1188,3.1
-20.2,1396.8,2.5
-20.2,1278,3.1
-20.1,1918.8,4.2
-19.9,1461.6,3.1
-19.8,1602,3.6
-19.6,1648.8,3.1
-19.4,1623.6,2.5
-19.2,1663.2,1.9
-19.2,2185.2,2.5
-19.1,1576.8,1.9
-19,1519.2,2.5
-18.8,1569.6,1.9
-19.1,1735.2,1.1
-19.1,1944,1.7
-19.4,2073.6,2.5
-19.5,1821.6,1.1
-19.5,1411.2,1.7
-19.4,1342.8,1.9
-19.5,1191.6,2.5
-19.3,979.2,1.7
-19.2,1137.6,1.9
-19,1371.6,2.5
-19,1234.8,2.5
-19.1,1360.8,3.6
-19,1742.4,3.6
-18.7,1908,4.7
-18.8,2034,3.6
-18.2,2631.6,2.5
-18,2581.2,1.7
-17.8,2905.2,1.1
-17.8,3024,1.7
-18,2926.8,3.6
-18.3,2966.4,3.6
-18.4,2826,2.5
-18.5,2779.2,1.7
-18.5,2707.2,1.7
-18.5,2613.6,1.7
-19.3,2505.6,1.7
-19.7,2401.2,1.9
-19.7,2102.4,1.1
-18.9,1177.2,1.7
-19.2,1216.8,1.9
-19.2,1180.8,1.7
-19.2,1414.8,1.7
-19.2,1425.6,1.7
-18.9,1562.4,1.7
-17.9,1584,0
-18.3,1591.2,0.6
-18.2,1940.4,1.9
-18,2080.8,2.5
-17.9,2696.4,2.5
-17.2,2930.4,1.7
-17,3031.2,1.7
-17.2,3178.8,2.5
-17.3,3027.6,2.5
-17.2,2988,1.9
-17.5,2955.6,3.1
-17.2,3006,1.9
-17.2,2815.2,1.9
-16.7,2725.2,1.1
-17.2,2682,1.7
-17,2552.4,1.7
-17,2430,1.7
-17.6,2350.8,1.7
-17.1,2304,0.6
-18.9,2394,1.7
-18.3,2314.8,1.7
-19.6,2394,1.9
-17.8,2498.4,0
-18.3,2671.2,1.1
-18,2782.8,0.6
-18.2,2890.8,1.1
-17.7,2988,0.6
-17.7,3070.8,1.1
-17.8,3135.6,1.7
-17.9,3182.4,1.9
-17,3207.6,1.7
-16.6,3211.2,1.9
-15.8,3193.2,1.7
-16.8,3153.6,2.5
-17.2,2588.4,3.1
-17,2376,2.5
-17.7,2761.2,3.6
-17.9,2718,3.1
-17.7,2635.2,1.7
-17.9,2368.8,2.5
-18.1,2178,1.9
-18.5,2214,2.5
-18.9,2124,3.6
-19,2091.6,2.5
-18.5,1918.8,1.7
-18.2,2098.8,2.5
-18.1,2419.2,1.1
-17.7,2304,1.1
-18.2,2239.2,1.7
-17.8,1789.2,1.9
-17.7,2052,2.5
-17.5,2188.8,1.7
-17.5,2502,4.2
-17.3,2505.6,4.2
-17,2437.2,4.7
-17,2383.2,4.2
-16.9,2646,3.1
-16.7,2728.8,4.7
-16.7,2714.4,5.3
-16.6,2786.4,6.7
-16.5,2790,6.1
-16.7,2736,6.1
-16.8,2649.6,5.3
-17.1,2548.8,4.2
-17.2,2502,3.6
-17.1,2426.4,4.7
-17.3,2372.4,4.7
-17.6,2469.6,3.6
-17.4,2412,1.9
-17.4,2487.6,1.1
-17.6,2520,1.7
-17.8,2602.8,1.1
-17,2739.6,1.1
-17.2,2858.4,1.1
-17.6,2854.8,3.6
-16.9,2948.4,1.9
-16.3,2995.2,3.6
-15,3045.6,1.7
-14.9,3222,1.9
-13.1,3225.6,1.1
-14.6,3207.6,0.6
-14.1,3171.6,0.6
-16.4,3114,1.7
-16.5,3038.4,2.5
-16.5,2948.4,1.9
-16.2,2840.4,1.7
-15.6,2728.8,0.6
-15.9,2606.4,0.6
-15.4,2494.8,1.1
-16.7,2412,1.9
-14.2,2368.8,1.9
-12.5,2469.6,8.3
-12,2412,5.3
-11.9,2448,2.5
-11.3,2599.2,9.7
-10.8,2710.8,10.8
-11.6,2818.8,12.2
-11.2,2923.2,9.7
-10.3,3016.8,11.9
-10.2,3096,11.4
-9.3,3160.8,12.2
-9.8,3204,8.9
-9.4,3229.2,10.3
-9.2,3232.8,6.7
-8.5,3214.8,5.3
-8.8,3178.8,6.1
-8.7,3117.6,5.6
-8.6,3045.6,4.7
-10.6,2955.6,1.9
-12.5,2851.2,2.5
-11.9,2667.6,1.7
-12.4,2574,2.5
-13.9,2520,4.2
-13.8,2224.8,2.5
-15,1900.8,1.7
-15.9,1998,1.9
-15.8,1972.8,2.5
-15.6,2030.4,3.1
-16.2,2116.8,3.1
-16,2257.2,3.1
-16.2,2484,1.7
-16.2,2696.4,2.5
-15.5,2631.6,1.1
-15.3,2779.2,0.6
-14.7,3164.4,1.7
-14.9,3211.2,1.7
-14.9,3232.8,1.7
-14.4,3236.4,1.9
-13.8,3222,1.1
-14,3034.8,1.7
-13.6,2995.2,1.7
-14.4,2930.4,1.9
-14.5,2959.2,1.9
-14.5,2772,1.7
-14.6,2656.8,1.9
-15.1,2588.4,1.7
-15.3,2502,1.1
-14.9,2473.2,1.1
-15.1,2210.4,1.7
-15.5,1933.2,1.7
-15.4,1566,1.1
-15.5,1684.8,1.7
-14.7,1936.8,3.1
-14,2181.6,1.1
-13.2,2516.4,0.6
-11.9,2721.6,0.6
-11.1,2916,0.6
-10.7,2919.6,0.6
-11.4,2937.6,1.1
-10.5,3031.2,1.1
-10.3,3024,0.8
-10.2,2998.8,0.8
-10,2998.8,0.6
-10,2916,0.6
-10.2,2646,0.6
-9.5,2692.8,0.6
-9.4,2667.6,0.6
-10.1,2340,0.6
-10.4,2390.4,0.6
-10.3,2246.4,1.1
-11.3,2192.4,1.9
-10.9,2347.2,1.9
-11.2,1832.4,1.7
-11.5,1551.6,1.7
-11,1191.6,1.7
-10.4,1314,1.9
-9.8,1587.6,2.5
-9.9,1472.4,3.1
-9.6,1515.6,3.6
-8.5,1699.2,1.1
-9.2,1717.2,0.6
-8.4,1821.6,0.6
-7.7,2242.8,0.6
-7.3,2397.6,0.6
-6.8,2401.2,0.6
-8.8,2491.2,3.1
-8.6,2386.8,1.9
-7.9,1486.8,1.1
-8.1,2221.2,2.5
-8.2,1998,1.9
-8,1890,1.9
-8,1962,1.9
-8.4,2347.2,1.9
-8.5,2448,2.5
-8.7,2332.8,2.5
-9,2120.4,1.7
-10.2,2062.8,1.9
-10.4,1868.4,1.7
-9.7,1587.6,1.9
-9.5,2052,3.6
-9.5,2142,1.9
-9.9,2091.6,1.1
-9.9,2149.2,1.7
-9.5,2044.8,1.9
-10.3,1868.4,3.1
-9,1843.2,1.7
-8.5,1760.4,1.1
-8.5,1648.8,0
-7.6,1656,0
-8.4,1677.6,1.7
-7.5,1393.2,0.6
-7.8,2095.2,1.1
-7.4,1954.8,0.6
-7.1,2062.8,0.6
-6.1,2138.4,0
-7.6,1940.4,1.1
-8.4,1969.2,0.6
-8,1746,1.7
-9.6,1922.4,1.7
-10.5,1890,1.9
-9.8,2102.4,1.9
-8.6,2271.6,0.6
-7.4,2318.4,2.5
-8.5,2458.8,3.1
-8.6,2523.6,7.8
-8.2,2538,5.6
-8.2,2376,4.7
-7.5,2595.6,6.1
-7.9,2757.6,5.6
-8,2772,1.7
-8,2728.8,1.7
-7.6,2480.4,1.7
-7.9,2757.6,1.9
-6.7,3024,1.1
-6.6,3006,1.9
-7.8,2815.2,2.5
-7.1,2750.4,1.9
-7.6,2610,3.6
-7.4,2682,3.1
-7.2,2689.2,1.7
-9.3,2696.4,3.6
-9.4,2620.8,1.9
-8.6,2520,1.1
-9.4,2394,1.7
-9.9,2404.8,1.7
-9.2,2487.6,1.1
-9.2,2437.2,1.7
-10.4,2498.4,1.7
-10.7,2577.6,1.7
-10.2,2613.6,1.7
-9.6,2768.4,1.7
-9.2,2962.8,1.1
-8.4,3060,0.6
-7.9,3135.6,1.9
-5.3,3200.4,0
-7.3,3240,1.7
-6.6,3261.6,1.1
-4.7,3265.2,1.9
-4.1,3250.8,4.7
-4.1,3218.4,6.7
-4.2,3164.4,4.7
-4.1,3096,7.8
-4.5,3013.2,6.1
-4.2,2916,7.2
-4.5,2808,5.3
-8.4,2707.2,1.9
-6.7,2397.6,1.1
-8.9,2332.8,2.5
-8.4,2340,1.7
-8.3,2394,0.6
-8.5,2329.2,0.6
-8.1,2066.4,0.6
-9.1,1512,1.9
-10.3,1000.8,1.1
-9.7,903.6,2.5
-8.2,633.6,1.1
-7.5,961.2,1.1
-7.2,1083.6,1.9
-6.4,1080,2.5
-5.7,1285.2,3.6
-5.3,1620,2.5
-4.4,2102.4,0.6
-4.7,2152.8,1.1
-6.7,1785.6,6.1
-7.6,1040.4,4.7
-8.2,1177.2,3.1
-8.7,1231.2,4.2
-8.7,1119.6,3.6
-8.9,1321.2,1.7
-8.9,1828.8,3.1
-9.1,1810.8,3.6
-8.8,1875.6,1.1
-8.8,1497.6,0
-9.6,1285.2,0.6
-10.8,1011.6,2.5
-10.3,1238.4,1.7
-10.4,1774.8,2.5
-10.6,1627.2,4.2
-8.8,1713.6,3.6
-8.1,1828.8,4.2
-6.6,1875.6,6.1
-6.7,1328.4,7.2
-6.8,1598.4,8.3
-6.3,2016,6.7
-5.9,1972.8,6.1
-5.9,2088,7.8
-5.7,2041.2,9.7
-5.7,2174.4,10.3
-5.7,1454.4,9.2
-5.5,1389.6,9.2
-5.6,1512,9.7
-5.7,1458,9.2
-6.4,1422,4.7
-6.6,1666.8,3.1
-6.5,1836,1.7
-6.9,1526.4,2.5
-7,1069.2,3.1
-6.8,756,4.2
-7,424.8,2.5
-7.1,432,2.5
-7,590.4,3.6
-7.1,1742.4,4.2
-7.1,1908,3.1
-6.9,1692,3.1
-7.2,1522.8,3.1
-7.2,1598.4,3.1
-7.3,1717.2,2.5
-7.3,2336.4,2.5
-7,2480.4,3.1
-6.7,2664,4.2
-5.7,2775.6,1.9
-6.3,2944.8,1.7
-6.7,2959.2,3.1
-6.4,2872.8,1.1
-7.4,2800.8,1.7
-7.4,2617.2,1.1
-7.8,2293.2,1.1
-8.5,1782,1.9
-9.1,1796.4,3.1
-8.7,1886.4,2.5
-8.2,1681.2,1.7
-8,1695.6,1.1
-8.2,1630.8,1.1
-8.1,1537.2,0.6
-7.9,1357.2,0
-8.3,1281.6,1.1
-8.7,1584,1.9
-9.1,1468.8,1.9
-8.7,1440,1.9
-8.3,1458,0.6
-7.9,2260.8,0.6
-8,2131.2,1.1
-8,2793.6,1.7
-8.1,2912.4,1.7
-7.8,2941.2,1.9
-8,2739.6,1.1
-7.9,2336.4,1.7
-8,2084.4,1.7
-7.3,1814.4,1.7
-7.3,1494,1.1
-6.5,1580.4,1.1
-6,1335.6,1.1
-5.5,1558.8,2.5
-5.1,1216.8,1.7
-4.8,1180.8,1.1
-4.3,1353.6,0.6
-4.5,1461.6,1.1
-4.1,853.2,1.1
-4.8,396,1.7
-4.8,464.4,1.7
-4.7,536.4,1.7
-4.1,615.6,1.7
-3.9,1371.6,1.7
-3.8,1623.6,3.1
-4.4,1818,3.1
-4.1,2541.6,1.9
-3.9,2570.4,1.7
-3.1,2772,1.1
-3.1,3150,1.7
-0.1,3121.2,1.7
1,3052.8,4.7
0.1,2995.2,4.2
0.7,2815.2,6.1
0.8,2808,8.3
0.1,2707.2,3.6
0,2545.2,3.6
-3.2,2206.8,3.6
-3.2,1850.4,1.7
-2.8,1710,1.7
-2,1681.2,1.1
0.1,1573.2,8.9
-0.6,1576.8,7.8
-0.2,1677.6,7.2
-0.5,1753.2,8.3
0.1,1738.8,7.8
0.2,1551.6,8.3
0,1836,7.2
0.8,2088,7.8
0.4,2530.8,6.7
1.2,2584.8,7.2
-1.2,2696.4,2.5
-1.1,2365.2,3.6
-2.2,2574,1.7
-1.9,2070,1.7
-2.1,2422.8,4.2
-2.1,1850.4,2.5
-2.2,1076.4,1.1
-2.2,1000.8,1.7
-2.2,536.4,1.9
-2.2,489.6,1.9
-2,478.8,1.7
-2,576,3.6
-2.1,1177.2,4.7
-2,1033.2,3.6
-2.3,846,2.5
-2.7,1227.6,2.5
-2.8,1249.2,2.5
-3.1,1022.4,1.9
-2.9,583.2,1.1
-3.1,1072.8,3.6
-3.2,1238.4,3.6
-3.4,1450.8,5.6
-3.6,1429.2,3.6
-3.6,1634.4,4.2
-3.6,2124,4.2
-3.8,2512.8,2.5
-3.5,2214,1.7
-3.8,2271.6,1.1
-4.2,1638,1.1
-4.6,1566,1.7
-4.8,1544.4,1.9
-4.9,1432.8,1.9
-5.1,1472.4,1.9
-5.2,586.8,2.5
-5.3,1386,1.9
-5.3,1227.6,2.5
-5.3,1072.8,1.9
-5.3,813.6,1.7
-5.3,522,1.1
-5.2,406.8,0.6
-5.2,399.6,0
-5.1,356.4,1.1
-5,414,1.7
-5,536.4,1.1
-5,565.2,1.1
-4.9,604.8,1.7
-4.9,1123.2,1.9
-4.9,1292.4,1.9
-4.7,1386,1.7
-4.4,1454.4,1.9
-4.2,1728,1.7
-4.2,1407.6,2.5
-4.2,1414.8,2.5
-4.2,1378.8,1.9
-4.3,1296,1.7
-4.4,1044,1.7
-4.4,1058.4,1.7
-5.3,561.6,1.7
-6.2,450,1.7
-7,367.2,1.7
-7,327.6,1.9
-6.9,345.6,2.5
-6.9,352.8,3.1
-6.4,410.4,2.5
-6,349.2,1.9
-5.5,298.8,2.5
-5.4,378,2.5
-5.3,1011.6,1.9
-5.1,1162.8,1.7
-5,1184.4,1.7
-4.8,1288.8,1.9
-4.7,1281.6,1.9
-4.6,1522.8,1.9
-4.5,1598.4,2.5
-4.4,1562.4,2.5
-4.3,1508.4,2.5
-4.2,1389.6,1.9
-4.1,1382.4,2.5
-4.3,1188,2.5
-4.5,586.8,3.6
-4.7,626.4,3.6
-4.7,360,3.6
-4.8,259.2,2.5
-4.8,223.2,3.6
-4.8,241.2,1.9
-4.7,259.2,1.9
-4.6,280.8,3.6
-4.5,277.2,4.7
-4.4,284.4,4.2
-4.4,252,4.2
-4.3,183.6,3.6
-4.3,216,4.2
-4.1,259.2,4.2
-4,381.6,4.2
-3.8,496.8,4.2
-3.2,525.6,4.2
-3.4,583.2,4.2
-3.5,590.4,4.2
-3.6,504,4.2
-3.7,529.2,4.2
-3.8,496.8,3.9
-3.5,1155.6,4.7
-3.3,1101.6,4.2
-3.5,1072.8,4.2
-4,968.4,4.2
-4.2,997.2,3.9
-4.3,1015.2,3.6
-4.4,972,3.4
-4.6,990,3.1
-4.6,1198.8,3.1
-4.9,1353.6,2.5
-5.1,1119.6,1.9
-5.8,1256.4,2.5
-5.4,2005.2,2.2
-4.9,1983.6,2.5
-4.4,1832.4,2.8
-5.1,1645.2,2.5
-3.7,1778.4,3.1
-4.8,2037.6,1.9
-4.8,2340,1.7
-4.6,2473.2,2.1
-4.5,2797.2,2.5
-4.4,3045.6,1.9
-4,3214.8,1.7
-3.8,3182.4,1.9
-3.8,3096,1.7
-3.4,2858.4,1.7
-3.4,2754,1.1
-3.8,2613.6,1.9
-3.6,2599.2,1.9
-3.9,2307.6,1.1
-4.1,2124,1.9
-4,2055.6,2.5
-4.1,2109.6,1.9
-4.1,2080.8,1.7
-4.3,2174.4,1.7
-4,2325.6,1.7
-3.6,2613.6,1.7
-3.2,2768.4,1.7
-2.9,2883.6,1.7
-2.6,2984.4,1.7
-2.7,3114,1.9
-2.7,3175.2,1.9
-2.4,3222,1.8
-2.2,3236.4,1.8
-2,3261.6,1.8
-1.7,3250.8,1.7
-1.5,3236.4,1.7
-1.5,3204,1.9
-1.6,3146.4,2.1
-1.6,3074.4,2.3
-1.6,2988,2.5
-2.3,2894.4,2.2
-2.9,2800.8,2.5
-3.4,2714.4,2.8
-3.9,2570.4,3.1
-4,2541.6,2.8
-4.1,2602.8,2.8
-4.3,2563.2,2.5
-2.2,2552.4,1.9
-2,2592,1.9
-1.8,2754,1.9
-1.7,2862,1.9
-1.5,2988,1.9
-0.9,3081.6,1.7
-1.2,3153.6,1.7
-0.8,3211.2,1.9
-0.6,3240,1.9
-0.4,3268.8,1.7
-0.1,3276,1.7
-0.3,3268.8,1.7
-0.2,3250.8,1.7
0.2,3211.2,1.7
-0.1,3150,1.7
-0.3,3070.8,1.7
-0.5,2862,1.7
-0.5,2739.6,1.7
-0.7,2750.4,1.7
-1.2,2653.2,1.9
-1.6,2577.6,1.9
-1.2,2419.2,1.7
-0.9,2433.6,1.7
-1.5,2358,1.7
-1.6,2390.4,1.9
-1.5,2451.6,1.8
-1.3,2509.2,1.8
-1.2,2530.8,1.7
-1.5,2570.4,1.9
-0.8,2790,1.7
-0.1,2948.4,1.7
0.3,3128.4,1.7
0.4,3193.2,1.7
0.5,3214.8,1.7
-0.5,3200.4,1.9
-0.4,3009.6,1.9
-0.4,2347.2,1.7
-0.3,1314,1.7
-0.2,2199.6,1.7
-0.3,2404.8,1.7
-0.3,2520,1.7
-0.4,2552.4,1.7
-0.7,2206.8,2.2
-1,2181.6,2.5
-1.3,2127.6,2.8
-1.5,2167.2,2.8
-1.7,2365.2,2.8
-0.9,2469.6,1.9
-1.1,2541.6,1.9
-1.8,2667.6,2.5
-1.8,2818.8,2.2
-1.3,2908.8,1.9
-0.9,3013.2,1.7
-0.5,3088.8,1.4
-0.4,3157.2,1.4
-0.3,3204,1.7
-0.2,3247.2,1.9
-0.2,3265.2,1.9
-0.2,3265.2,1.9
-0.2,3254.4,1.9
-0.4,3207.6,1.9
-0.6,3142.8,2.2
-0.9,3020.4,2.2
0.3,2800.8,1.9
-0.1,2638.8,1.9
-0.8,2412,1.9
-1.5,1674,4.7
-1.6,1314,6.1
-3.7,972,2.8
-3.8,414,2.8
-4,370.8,2.8
-4.1,324,2.8
-4,259.2,2.8
-3.8,320.4,2.5
-0.7,457.2,5.3
-1.1,990,4.7
-1.2,1216.8,5.3
-1.2,626.4,5.2
-1.2,558,5
-1.3,633.6,4.8
-1.3,522,4.7
-1.1,561.6,5.3
-1,543.6,6.1
-0.9,619.2,6.7
-0.8,572.4,6.1
-0.4,504,6.1
-0.3,450,5.3
-0.6,356.4,5.6
-0.5,374.4,4.7
-3,396,2.2
-3.1,356.4,1.9
-3.3,352.8,1.7
-3.5,507.6,1.7
-3.4,586.8,1.4
-3.4,630,1.4
-3.4,648,1.4
-0.7,201.6,1.7
-3.2,471.6,1.4
-3.2,435.6,1.7
-3,493.2,1.4
-2.9,478.8,1.4
-2.7,460.8,1.1
-2.8,572.4,1.4
-2.9,1087.2,1.4
-2.9,1350,1.7
-0.8,1350,2.5
-0.5,1386,1.9
-0.6,1335.6,3.1
-1.1,673.2,2.5
-1,1288.8,1.7
-0.7,1087.2,1.7
-2.8,1040.4,1.4
-2.8,1098,1.4
-2.8,532.8,1.4
-2.9,450,1.4
-3,370.8,1.4
-3,266.4,1.7
-1.1,291.6,1.7
-1.1,450,1.7
-0.9,583.2,1.7
-1,496.8,2.5
-1.2,432,2.5
-1.3,255.6,2.5
-0.6,291.6,1.7
0.6,363.6,1.7
0.2,399.6,1.9
0,457.2,2.2
-0.1,525.6,2.5
-2.1,626.4,1.1
-2.1,651.6,0.8
-2,1242,0.8
-1.9,1465.2,0.8
-2,1162.8,0.8
0.1,1051.2,2.5
-0.2,1000.8,2.5
-0.5,658.8,2.5
-0.7,1342.8,3.1
-0.8,1458,3.1
-0.8,486,3.1
-1,417.6,2.4
-1.1,385.2,1.7
-3.3,381.6,1.1
-3.3,428.4,0.8
-3.3,464.4,0.8
-3.2,367.2,0.8
-3,439.2,1.1
-2.9,522,1.1
1.7,1098,1.9
1.4,644.4,2.5
1,615.6,3
0.6,1216.8,3.6
0.3,1411.2,4.2
-0.2,1533.6,1.9
0.4,1566,2.5
1.2,1778.4,3.6
1.2,1746,3.1
1.6,1854,3.6
1.5,2088,3.6
1.5,2293.2,3.6
1.4,2469.6,3.6
1.7,2602.8,4.7
1.4,2692.8,3.9
1,2595.6,3.1
0.6,2448,3.1
0.8,2196,3.1
1,2095.2,3.1
1.8,2235.6,5.3
0.2,2289.6,1.7
-0.5,2235.6,1.9
0.4,2361.6,1.9
0.4,2426.4,3.1
-0.7,2494.8,2.5
0,2577.6,1.9
-0.8,2638.8,2.5
-0.6,2743.2,2.5
0.2,2826,1.9
-0.4,2887.2,1.7
-0.3,2912.4,1.7
-0.2,3006,1.7
-0.1,3186,1.7
-0.4,3186,1.9
-0.1,3117.6,1.9
-0.2,3063.6,1.9
-0.4,3002.4,1.7
-0.6,2930.4,1.7
-1.3,2851.2,1.9
-1.1,2761.2,1.7
-1.4,2584.8,1.4
-1.6,2199.6,1.4
-2.1,2142,1.1
-2.5,2152.8,1.4
-2.9,2095.2,1.4
-1.9,2217.6,1.1
-1.9,2347.2,1.1
-1.9,2016,1.1
-1.9,1515.6,1.9
-1.7,1962,1.9
-1.3,2408.4,1.9
-1.1,2944.8,2.5
-1.5,3128.4,2.5
-1.1,3218.4,3.6
-0.9,3229.2,4.2
-1.3,3247.2,2.5
-0.5,3247.2,3.1
-0.6,3200.4,4.2
-0.8,2808,3.1
-0.6,2095.2,3.1
-1.2,1904.4,1.9
-1.4,1231.2,1.7
-1.7,997.2,1.1
-1.1,1638,0.8
-0.5,1792.8,0.3
0,1418.4,0
-0.7,1594.8,3.6
3.9,1670.4,2.5
4.1,1684.8,10.3
4.5,2120.4,8.9
4.7,2548.8,5.3
4.1,2721.6,5.3
4.5,2851.2,7.2
5.7,2984.4,6.1
5.3,3088.8,7.2
1.8,3160.8,3.1
1.3,3207.6,3.3
0.8,3232.8,3.6
0.5,3254.4,3.6
0.2,3272.4,3.9
7.5,3272.4,6.7
-0.3,3254.4,4.2
-0.6,3222,4.4
-0.8,3171.6,4.7
-1,3099.6,4.2
-1.2,3013.2,3.9
-1.4,2930.4,3.6
-1.8,2844,3.3
-2.2,2682,3.3
6.7,2426.4,6.1
6.7,2394,6.6
6.7,2444.4,7.2
6.8,2412,6.1
6.2,2430,3.6
-1.3,2509.2,3.1
-1,2505.6,3.1
-0.6,2516.4,3.1
-0.2,1976.4,3.3
0.2,2401.2,3.3
0.3,2851.2,3.9
0.3,2966.4,4.4
8.2,3034.8,8.9
8,3110.4,9.5
7.7,3106.8,10.2
7.5,3085.2,10.8
7.6,2858.4,10.8
6.8,2664,10.8
7.1,2725.2,12.2
6.8,2588.4,12.2
6.5,2548.8,12.2
6.2,2433.6,12.2
-1.6,2530.8,3.6
-2,2462.4,3.3
-2.5,2239.2,3.3
-2.6,2145.6,3.1
-2.6,2203.2,3.1
-2.7,2188.8,3.1
1.8,2419.2,1.7
2.2,2574,2
2.6,2624.4,2.4
3.1,2145.6,2.8
3.5,2138.4,3.1
3.2,2131.2,1.9
4.4,2246.4,3
5.7,2318.4,4.2
4.2,2728.8,3
2.8,2826,1.7
3.1,2710.8,1.7
1.5,1897.2,2.5
2.5,1857.6,1.9
2.7,986.4,1.7
4.3,615.6,2.5
5.1,507.6,3.6
4.7,525.6,3.6
4.9,540,3.6
5.1,1195.2,3.6
5.3,1429.2,3.6
5,1101.6,1.7
5.5,1245.6,5.3
5.1,1335.6,1.9
5.4,1382.4,4.7
5,1522.8,4.7
4.7,1864.8,4.7
4.3,1540.8,4.7
3.5,1324.8,3.9
2.7,1728,3.1
3.4,1904.4,2.5
5.8,2160,1.7
-0.2,2422.8,2.8
-0.2,2520,2.8
-0.3,2592,2.8
-0.4,2440.8,3.1
-0.5,2718,3.1
-0.6,2656.8,3.3
-0.8,2714.4,3.6
-1,2768.4,3.9
-1.4,2858.4,3.9
-1.7,2692.8,3.9
-2.1,2433.6,3.9
-2.2,2332.8,4.2
-2.4,2134.8,4.4
-2.5,1555.2,4.7
-2.7,1328.4,4.7
-2.9,1191.6,4.4
-3.1,1026,4.4
-3,1004.4,4.4
-2.9,1155.6,4.7
4.9,1310.4,10.3
4.2,2041.2,9.2
4.4,2336.4,10.3
4.5,2638.8,10.8
5,2754,10.3
-1.9,2836.8,4.2
-1.9,2692.8,4.2
-1.8,2556,3.6
-1.6,2466,3.1
-1.5,1940.4,2.5
-1.5,2026.8,2.5
0,1954.8,6.7
0.5,1947.6,5.6
1,1324.8,3.6
1.6,1123.2,3.1
1.5,968.4,1.7
1.6,1072.8,1.9
1.8,1263.6,5.6
2,1195.2,1.1
2.5,1238.4,1.1
1.7,1198.8,3.6
-4.3,1119.6,1.1
-4.1,1130.4,1.4
-4,1414.8,1.4
-3.9,1897.2,1.7
-3.4,2188.8,1.7
-2.9,2494.8,1.7
-2.4,2624.4,1.7
3.8,2797.2,1.7
-1.7,3013.2,1.9
-1.4,3016.8,2.2
-1.2,3020.4,2.2
-1,3016.8,2.2
-0.7,3045.6,2.2
-0.7,2804.4,2.5
-0.7,2458.8,2.8
-0.7,2430,2.8
7.9,2336.4,5.3
8.5,2480.4,4.7
8.2,2703.6,5.6
7.9,2538,6.1
8.1,2415.6,5.3
8,2167.2,5.6
8.1,2102.4,5.8
8.2,2120.4,5.9
8.3,2070,6.1
7.8,2127.6,5.7
7.4,2365.2,5.3
8.1,2451.6,5.6
8.4,2520,7.2
8.4,2692.8,5.6
9.4,2851.2,2.5
8.6,2898,2.5
7.7,2977.2,2.5
7.1,3002.4,2.5
5.3,2833.2,4.2
5,2955.6,3.9
4.8,2800.8,3.6
4.5,2908.8,3.4
4.2,2955.6,3.1
4.7,3099.6,4.2
4.2,2876.4,3.6
2.5,2577.6,1.9
4.4,1994.4,2.5
3.5,1476,2.5
3.3,961.2,1.9
3,601.2,1.7
3.2,417.6,3.1
2.9,957.6,3.1
2.3,1454.4,2.8
1.7,1641.6,2.5
1.2,1933.2,2.5
0.8,1983.6,2.5
0.9,2066.4,1.9
0.9,2138.4,2.5
0.9,1612.8,3.1
0.4,1695.6,1.9
0.4,1720.8,1.9
0.4,1242,2.2
0.4,1465.2,2.5
-0.5,1630.8,3.6
0.6,1659.6,3.1
0.5,1774.8,3.1
0.5,1753.2,3.1
0.4,1875.6,3.1
0.3,1976.4,3.1
0.1,1706.4,3.1
-0.5,1533.6,3.6
-0.7,1713.6,3.6
-1.2,1573.2,2.8
-1.7,1328.4,2.8
-1.9,1418.4,2.8
-2,1206,2.5
-2.2,961.2,2.5
-1.1,1119.6,4.7
-1,1371.6,4.2
-1,1314,3.6
-1.1,1321.2,4.7
-0.9,1378.8,4.2
-1,1580.4,4.2
-1,1890,4.2
-1.1,2152.8,4.2
-1.2,1987.2,4.2
-1,2091.6,4.4
-0.8,2016,4.7
-0.7,1890,4.2
-0.5,2001.6,4.2
-0.2,2444.4,4.7
-0.1,2095.2,4.7
-0.7,2080.8,2.8
-1,1706.4,2.8
-1.4,1458,2.8
-2.1,1378.8,2.8
-2.9,1443.6,2.8
-3.6,1159.2,2.8
-3.6,990,2.8
-1.3,813.6,4.7
-1.4,615.6,4.2
-1.3,514.8,5.3
-1.5,439.2,5.3
-1.3,432,4.7
-1.6,439.2,5.3
-1.4,453.6,5
-1.3,468,4.7
-2.1,594,3.1
-2.5,594,3.1
-2.8,601.2,2.8
-2.5,630,2.8
-1.4,1047.6,5.6
-1.3,1112.4,4.7
-1.1,1404,4.9
-1,1202.4,5.2
-0.8,1389.6,5.4
-0.6,1378.8,5.6
-0.5,1263.6,5.6
-0.4,1213.2,5.6
-0.6,1180.8,4.7
-0.7,1155.6,5.3
-0.8,1134,4.4
-0.9,500.4,3.6
-1,471.6,4.2
-1.3,424.8,2.5
-3.5,356.4,1.1
-3.2,262.8,1.1
-2.9,327.6,1.4
-2.3,370.8,1.4
-1.6,417.6,1.7
-1,478.8,1.9
-1.2,540,1.7
-1.4,1040.4,1.4
-1.4,619.2,1.9
-0.3,1065.6,3.1
-0.6,1051.2,2.5
-0.7,1209.6,2.5
-0.8,640.8,2.5
-0.9,597.6,2.5
-0.7,554.4,2.5
-2,622.8,0.3
-2.3,554.4,0.3
-2.5,482.4,0.6
-3,360,0.3
-3.6,262.8,0.3
-4.1,176.4,0
-4.2,144,0.3
-4.3,144,0.3
-0.6,144,1.7
-0.6,133.2,1.7
-4,140.4,1.1
-3.9,172.8,1.7
-3.7,201.6,1.9
-3.5,248.4,1.9
-3.4,298.8,2.2
-0.3,367.2,4.2
0.4,460.8,4.2
0.6,529.2,4.2
0.8,637.2,2.5
0.7,1173.6,3.1
0.6,1062,3.1
0.2,1206,1.9
0.5,622.8,1.7
0.7,579.6,1.8
0.8,597.6,1.8
1,604.8,1.9
0.8,1004.4,1.9
0.5,1105.2,2.5
0.8,878.4,3.1
0.5,824.4,2.5
0.3,813.6,3.1
0.3,907.2,3.6
0.3,975.6,3.4
0.2,993.6,3.3
0.2,1213.2,3.1
0.2,1054.8,3.6
0.5,1087.2,3.6
0.5,1116,3.1
1.1,1382.4,3.6
1.3,1425.6,3.6
1.1,1465.2,4.2
-3.5,1530,1.7
-3.3,1623.6,1.4
-3.1,2059.2,1.4
-3,1854,1.1
1.4,1940.4,4.2
1.3,1767.6,4.2
1.1,1828.8,3.6
1,1897.2,3.6
0.8,1555.2,2.5
0.7,1328.4,2.5
0.6,1263.6,2.2
0.6,1166.4,1.9
0.5,1134,1.9
0.2,950.4,1.7
0.2,741.6,1.9
0.4,514.8,1.9
0.7,529.2,1.9
1,968.4,1.9
1.2,1015.2,1.9
1.1,1242,2.5
1.3,1476,2.5
1.5,1706.4,2.5
1.7,1965.6,2.5
1.9,2102.4,2.5
1.2,2084.4,2.5
0.8,2206.8,1.9
0.4,2484,1.9
0.5,2613.6,1.9
1,2757.6,2.5
0.6,2919.6,2.5
0.7,2797.2,3
0.8,2656.8,3.6
-3.7,2412,2.5
-3.9,2113.2,2.5
-4.3,1915.2,2.2
-4.7,1692,1.9
-5.2,1357.2,1.7
-5.1,1080,1.9
-5.1,982.8,2.5
-0.1,864,3.1
0.2,885.6,2.5
0.5,928.8,3.4
0.8,1072.8,4.2
0.9,1195.2,4.7
0.3,1278,4.7
0.2,1278,4.9
0.1,1569.6,5.1
0,1695.6,5.3
0.4,1393.2,5.6
-1.7,1652.4,4.4
-1.6,1548,4.7
-1.5,1335.6,5
-1.5,1159.2,4.7
-1.4,1026,4.7
-1.3,590.4,4.7
-1.4,522,4.7
-1.5,432,4.4
-1.5,374.4,4.4
-1.8,151.2,4.4
-2,54,4.4
-0.1,61.2,5.3
-0.1,0,5.3
0,0,4.7
-0.1,0,4.2
0,0,3.6
0,0,3.1
-0.1,0,3.5
-0.2,3.6,3.9
-0.3,7.2,4.3
-0.4,0,4.7
-0.6,0,4.7
-0.8,0,1.9
-0.9,0,1.7
-0.9,21.6,1.7
-0.9,18,1.7
-0.3,165.6,2.5
-0.2,36,1.9
-0.2,93.6,3.1
-0.3,93.6,2.5
-0.2,54,1.7
-0.1,21.6,1.9
-0.1,21.6,1.7
0,50.4,1.8
0.1,61.2,1.9
0.2,151.2,1.8
0.2,212.4,1.7
0,216,1.7
0,216,1.7
0,129.6,1.7
0.1,136.8,1.9
0.2,140.4,3.1
0.2,198,3.1
0.2,266.4,4.7
0.2,414,4.2
0.2,493.2,3.8
0.2,648,3.4
0.3,1371.6,2.9
0.3,1386,2.5
0.3,1249.2,2.5
-1.5,1170,1.7
-1.4,1152,1.7
-1.4,1026,1.4
-1.3,1108.8,1.4
-1.5,1141.2,1.1
-1.8,1044,0.8
-2,997.2,0.6
-2.5,972,0.6
0.4,932.4,1.7
0.9,518.4,1.9
0.6,586.8,1.7
0.5,594,1.7
0.6,586.8,1.7
0.6,957.6,1.7
0.8,1195.2,1.8
0.9,1173.6,1.9
0.7,1382.4,1.9
0.3,1454.4,3.1
0.6,1659.6,2.5
0.6,2008.8,2.5
0.6,1954.8,1.9
0.9,2016,2.5
0.5,1962,2.5
0.2,1861.2,3.1
0.3,1800,3.1
0.4,1620,3.6
-1.3,1789.2,1.4
-1.2,1371.6,1.4
-1.2,1674,1.4
-1.3,1429.2,1.7
-1.3,1202.4,1.7
-1,1083.6,1.4
-0.8,1101.6,1.4
-0.5,529.2,2.5
-0.3,457.2,2.2
-0.2,658.8,1.9
-0.2,1123.2,1.1
-0.3,1224,1.7
-0.4,1803.6,1.7
-0.4,1558.8,1.7
-0.4,1717.2,1.7
-0.3,1285.2,1.9
-0.3,1094.4,2.5
0,435.6,3.1
-0.1,313.2,4.7
-0.3,349.2,6.7
-0.4,424.8,5.3
-0.4,457.2,5.6
-0.5,306,5.6
-0.3,234,3.6
-0.5,111.6,1.9
-0.4,75.6,1.9
0,68.4,4.7
0.4,57.6,7.8
0.3,25.2,5.3
-0.1,3.6,2.5
-0.3,0,8.3
-0.6,0,7.2
-0.5,0,5.6
-0.4,0,6.1
-0.2,0,4.2
-0.1,0,6.1
-0.3,32.4,6.7
-0.3,93.6,4.7
-0.2,176.4,4.2
-0.3,75.6,5.6
-0.1,43.2,4.7
-0.2,100.8,5.3
0.1,75.6,5.3
-0.1,61.2,4.7
-0.1,93.6,5.3
-0.2,126,4.2
-0.2,172.8,3.6
0,108,3.1
-0.2,183.6,1.7
-0.3,136.8,1.7
-0.1,165.6,1.7
-0.1,176.4,1.9
-0.1,176.4,1.9
0,201.6,1.7
0.2,82.8,3.6
-0.1,14.4,3.6
0,0,2.5
-0.2,0,1.7
-0.2,0,1.7
-0.4,0,2.5
-0.6,0,1.7
-0.5,0,1.1
-0.4,0,0.6
0,0,2.5
-0.1,0,2.5
0,0,1.1
0.7,43.2,1.7
1.1,0,1.9
0.7,0,1.1
1.2,93.6,1.7
1.2,36,1.9
1.2,14.4,3.1
1.1,21.6,3.6
1.2,64.8,2.5
1.2,54,1.7
1.4,79.2,1.1
1.4,165.6,1.1
1.5,313.2,1.1
1.6,248.4,1.7
1.4,270,1.9
1.2,162,2.5
1.2,108,1.7
1.3,54,1.7
1.7,64.8,1.9
1.9,248.4,3.1
2.1,205.2,3.1
2.2,237.6,3.1
1.4,284.4,3.1
0.9,97.2,4.7
1.1,320.4,4.7
1.4,309.6,4.7
1.3,324,4.7
2.2,428.4,4.7
1.3,525.6,3.6
0.9,1004.4,3.1
0.9,1339.2,1.9
1.5,1544.4,1.7
1.3,1479.6,1.1
1.6,1515.6,1.7
1.9,1666.8,1.7
1.7,1465.2,1.1
1.6,1609.2,1.7
2.2,590.4,1.7
1.3,460.8,1.7
2,442.8,1.1
1.2,633.6,1.1
1.6,806.4,1.7
2,889.2,1.1
2.8,1029.6,1.1
1.8,1504.8,1.7
3.1,1749.6,1.9
2.9,1965.6,1.9
4.6,1728,1.9
8.5,1760.4,8.9
8.3,1828.8,9.2
8,2199.6,10.3
8.8,2102.4,9.2
9.4,2019.6,10.8
8.7,1998,11.9
9.5,1918.8,12.8
9,1854,12.8
8.8,1796.4,14.4
9.2,1371.6,12.8
4.7,489.6,5.3
1.3,399.6,4.2
1.5,370.8,2.5
1.5,342,1.7
2.4,442.8,1.9
2.3,36,1.7
2.5,129.6,2.5
2.8,219.6,1.7
2.8,244.8,1.7
2.4,86.4,1.7
2.7,190.8,1.1
2.6,219.6,1.7
2.4,342,2.5
2.6,388.8,1.1
3.5,471.6,1.1
2.3,1126.8,1.7
2.4,1317.6,1.7
2.7,1659.6,1.9
4,1638,1.1
3.2,1710,3.1
7.8,1771.2,1.7
10.2,1746,1.9
8.8,2451.6,1.7
10,2509.2,6.7
10.4,2440.8,9.2
10.2,2253.6,7.8
10.3,2214,9.7
9.2,1756.8,9.2
9.9,1321.2,8.3
9.7,1098,9.2
10.1,1058.4,8.9
2.7,997.2,4.2
3.7,1108.8,2.5
4.5,601.2,4.2
4.4,1206,2.5
10,1090.8,7.8
9.4,604.8,9.2
8.8,601.2,5.6
3.4,381.6,4.7
4.7,414,3.6
3.4,666,4.7
3,568.8,3.1
2.1,525.6,5.3
2.3,324,3.6
3.1,108,1.7
3.2,100.8,1.9
2.7,43.2,1.9
1.8,18,1.9
1.9,205.2,1.9
1.4,43.2,2.5
0.9,10.8,1.9
0.5,7.2,3.1
0,43.2,1.7
-0.5,0,1.7
-0.3,118.8,1.1
-0.6,237.6,1.7
-0.2,291.6,1.9
0,345.6,3.6
0.5,1083.6,3.6
0.9,1162.8,3.1
1.1,1375.2,3.1
1.4,1357.2,3.6
1.6,1422,4.2
1.9,1299.6,4.7
1.4,1782,5.3
1.6,2250,5.3
1.7,2512.8,6.1
1.8,2754,6.1
1.9,2714.4,6.7
1.5,2361.6,4.7
1.9,1724.4,3.6
0.5,1202.4,2.5
1.3,1098,1.9
1.4,622.8,3.1
2.2,439.2,1.1
2.7,450,2.5
3.3,61.2,2.5
4.3,0,1.9
5,0,1.9
3.6,0,1.9
6.5,208.8,1.7
9.7,381.6,9.7
10.5,1155.6,12.2
11.4,1220.4,12.8
11.9,1382.4,13.9
11.8,1544.4,13.9
11.9,1814.4,13.9
12.4,2149.2,13.9
14.3,2278.8,12.2
14.4,2170.8,11.4
15.1,1580.4,11.4
15.7,1256.4,11.4
16.7,1252.8,11.9
6.6,1508.4,9.7
5.8,1954.8,1.9
6,2106,4.7
5.5,2203.2,5.3
4.7,1944,5.6
4,1591.2,6.1
3.7,572.4,5.6
2.4,284.4,5.6
2.2,208.8,4.7
2.1,176.4,4.2
1.8,136.8,3.6
2.2,219.6,1.9
1.9,230.4,3.6
1.8,93.6,4.2
1.8,158.4,3.1
3.2,198,1.1
0.8,417.6,3.6
0.5,450,2.5
0.5,439.2,1.9
1,460.8,3.1
0.7,493.2,3.1
0.5,648,3.1
0.8,1303.2,3.1
0.8,1177.2,2.5
0.9,1242,1.9
0.9,1191.6,1.7
0.9,1076.4,1.7
1.1,1062,1.7
0.8,586.8,1.7
0.8,590.4,1.7
0.8,259.2,1.7
0.5,212.4,1.7
0.7,190.8,1.7
0.7,201.6,1.7
0.7,208.8,1.7
0.4,219.6,1.9
0.4,205.2,1.7
0.3,208.8,1.7
0.3,172.8,1.7
0.4,169.2,1.7
0.6,165.6,2.5
0.4,201.6,2.5
0.2,234,3.1
0.4,306,3.6
0.1,122.4,3.1
0.2,338.4,3.1
0.1,201.6,2.5
0.2,151.2,3.1
0.2,133.2,3.6
0,111.6,3.1
-0.1,111.6,3.6
-0.2,93.6,3.6
0.1,18,3.1
0.2,3.6,2.5
0.1,0,3.1
0.1,10.8,3.1
0.2,32.4,3.6
0.2,50.4,3.6
0.2,72,3.1
0.2,190.8,4.2
0.3,327.6,3.1
0.5,414,1.1
1,1173.6,1.7
1.1,1522.8,1.9
1,1699.2,1.9
1.1,1594.8,1.1
1,1206,1.9
0.9,2059.2,2.5
1,2660.4,3.1
-0.1,2865.6,2.5
1,2977.2,1.9
1.5,3024,2.5
1.9,3175.2,3.6
2.1,3121.2,5.3
1.9,3045.6,5.3
1.6,2959.2,5.3
1.4,2862,5.3
1.4,2692.8,5.6
1.4,2361.6,5.6
1,2170.8,5.6
0.8,1782,5.3
0.9,1904.4,5.3
0.7,1980,6.1
1,1864.8,3.6
1.6,1598.4,3.6
0.5,1872,2.5
1.1,2116.8,2.5
1.2,2214,1.7
2.5,2386.8,1.1
2.8,1944,1.1
4.3,1987.2,1.1
3.1,2026.8,2.5
5.6,2433.6,1.7
3.7,2214,1.7
3.3,1836,1.9
4,1771.2,1.1
6.5,1123.2,1.7
5,579.6,1.7
6.3,435.6,0.6
6.3,313.2,1.1
1.7,82.8,2.5
1.9,21.6,1.7
1.6,7.2,1.7
3,0,2.5
1.5,0,1.7
2.1,0,1.9
0.6,0,1.9
0.5,0,1.7
0.8,0,7.8
1.2,61.2,6.7
0.9,194.4,7.2
1.3,378,5.3
1.6,522,1.7
1.3,342,1.9
1.2,212.4,3.1
0.7,54,2.5
1,72,1.7
1.1,68.4,1.1
0.4,396,1.9
1.1,493.2,5.3
1.6,554.4,4.2
1.7,313.2,5.3
1.5,75.6,4.7
1.1,158.4,4.7
0.2,75.6,1.1
0.9,72,1.7
1.3,158.4,2.5
1.1,313.2,1.7
0.9,0,2.5
1.4,97.2,0
2.2,194.4,1.7
1.7,162,1.1
2.7,151.2,1.1
2.7,198,1.1
3.3,244.8,1.9
3.7,57.6,1.1
5,75.6,0.6
4.3,54,1.7
3.2,21.6,1.9
2.9,28.8,1.9
4.2,28.8,1.1
5.1,25.2,0.6
5.1,0,1.9
4.8,14.4,2.5
6,0,4.2
5.9,0,4.7
6.4,0,1.9
3.3,0,5.3
1.8,0,6.1
1.1,0,1.1
1.4,0,1.1
1.8,0,0.6
1.5,0,0.6
1.6,0,0.6
1.6,0,1.7
1.5,0,1.7
0.7,0,1.1
0.8,0,1.1
0.8,0,1.1
0.6,10.8,1.1
0.5,54,1.1
0.8,72,1.7
0.8,64.8,1.9
0.9,205.2,1.7
1,306,1.7
1.2,421.2,1.1
1.5,518.4,1.7
2,1119.6,1.7
1.7,694.8,1.1
1.4,1598.4,1.7
1.6,1476,1.7
1.9,1249.2,1.9
1.9,936,2.5
1.9,997.2,1.7
1.9,367.2,1.9
1.8,205.2,2.5
2.4,151.2,0.6
2.2,187.2,1.7
1.3,216,1.9
2.4,136.8,1.1
2.2,54,1.7
2.3,18,1.7
2.3,0,1.9
2.3,0,2.5
1.2,0,1.7
1.8,0,2.5
0.3,10.8,2.5
0.4,39.6,3.1
0.2,93.6,3.6
0.3,180,4.2
0.3,392.4,5.3
0.2,360,4.7
0,266.4,4.7
0,237.6,4.7
0,108,5.6
-0.2,108,5.3
-0.2,122.4,5.3
-0.2,0,5.6
-0.2,3.6,5.3
-0.4,46.8,4.7
-0.4,39.6,2.5
-0.4,32.4,1.9
-0.4,21.6,1.7
-0.4,32.4,1.7
-0.4,54,1.9
-0.3,82.8,1.9
-0.1,284.4,1.9
0,252,4.2
0,248.4,4.2
0.1,360,3.1
0.3,450,3.1
0.2,482.4,3.6
0,554.4,2.5
0.3,626.4,3.1
0.2,482.4,4.2
0.2,334.8,3.6
0.3,212.4,3.6
0,79.2,3.6
0.1,111.6,2.5
0,104.4,3.6
0.1,201.6,3.6
0,277.2,3.6
-0.1,230.4,3.1
-0.1,208.8,3.6
-0.2,180,3.1
-0.4,219.6,1.9
-0.5,259.2,3.1
-1,367.2,1.7
-1,514.8,1.9
-1.1,1357.2,1.7
-1,1281.6,0.6
-1.1,1364.4,1.7
-1.3,1411.2,1.1
-0.9,1594.8,1.7
-0.9,1969.2,1.7
-0.7,1785.6,1.7
-1,1936.8,3.1
-1,1839.6,1.7
-1.1,1850.4,1.9
-0.9,1821.6,1.7
-1.2,1724.4,1.7
-1.4,1648.8,2.5
-1.5,1558.8,1.7
-1.6,1490.4,1.1
-1.6,1425.6,1.9
-1.7,1836,1.7
-1.7,1602,1.7
-2.2,1526.4,1.1
-2.2,1400.4,1.7
-2.4,1562.4,1.9
-2.3,1692,1.1
-2,1962,0.6
-2.1,2160,1.1
-1.8,2336.4,1.1
-2,2426.4,1.7
-0.8,2548.8,1.7
-1.2,2656.8,1.9
-0.9,2556,1.9
-0.1,2530.8,1.9
-0.1,2516.4,1.7
0.2,2440.8,1.9
-0.1,2664,1.9
-0.4,2779.2,1.7
0.4,2876.4,1.7
-0.5,2818.8,1.9
0,2674.8,1.7
-0.9,2620.8,2.5
-0.3,2530.8,1.1
-0.2,2448,2.5
-0.3,2595.6,1.7
-1.1,2581.2,1.7
-1.1,2390.4,1.1
-0.5,2318.4,1.7
-0.6,2332.8,1.7
-0.5,2289.6,1.7
0,2404.8,1.1
0.4,2491.2,1.1
0.4,2599.2,1.1
0.2,2703.6,1.7
1.2,2836.8,1.9
0.9,2880,1.9
2.5,2962.8,1.7
4,3074.4,0.6
3.5,3099.6,1.7
2.9,3168,1.9
3.4,3171.6,2.5
3.4,3182.4,1.9
2.4,3168,2.5
2.8,3128.4,1.7
2.3,3067.2,1.7
3,2984.4,1.1
3.5,2890.8,1.1
2.9,2793.6,1.1
3.3,2700,1.1
3.5,2606.4,1.1
3.8,2296.8,1.1
4.2,2106,0.6
4.8,2246.4,1.1
4.1,2336.4,0.6
2.9,2343.6,1.7
3.4,2530.8,1.7
4.2,2620.8,1.1
6.1,2754,1.1
6,2851.2,1.7
6.1,2930.4,1.9
6,3002.4,1.1
5.6,2847.6,1.9
5.9,3063.6,1.9
5.8,3117.6,2.5
5.9,3110.4,1.7
7,3121.2,1.1
7.7,3132,1.7
6.6,3085.2,2.5
5.9,2926.8,2.5
6.8,2977.2,1.1
5.9,2887.2,1.7
5.9,2779.2,1.9
6.8,2685.6,1.7
5.4,2530.8,1.7
5,2358,1.1
5.9,2239.2,0.6
5.5,2188.8,1.7
4.5,2095.2,0.6
5.5,2059.2,1.1
4.2,2091.6,0.6
4.2,2088,0.6
5.1,2163.6,1.7
5.3,2181.6,1.7
2.1,2595.6,1.9
5.2,2754,1.1
4.7,2973.6,3.6
3,3002.4,1.7
2.4,2772,2.5
3.3,2552.4,2.5
2.8,2491.2,1.7
2,2430,2.5
2.1,2001.6,1.9
1.3,1922.4,1.9
1,2023.2,1.7
1.1,2170.8,1.7
0.9,2185.2,1.9
0.6,1994.4,2.5
0.5,1850.4,2.5
0.3,1735.2,2.5
0,1479.6,1.9
0,1382.4,2.5
0.2,1249.2,3.1
0.4,1249.2,1.9
0.5,1267.2,2.5
0.6,1314,2.5
0.2,1324.8,1.9
0,1429.2,1.9
-0.2,1454.4,2.5
-0.2,1472.4,1.9
0,1544.4,3.1
-0.2,1612.8,2.5
-0.1,1882.8,1.9
0,1670.4,1.9
-0.4,1573.2,1.9
-0.1,1641.6,1.9
0,1569.6,1.9
0.3,1533.6,1.7
-0.1,1839.6,1.9
-0.1,2102.4,1.9
-0.2,2178,1.9
-0.1,2300.4,1.7
-0.2,2397.6,1.7
-0.5,2239.2,1.7
-0.4,2145.6,1.7
-0.6,2188.8,1.7
-0.6,2181.6,1.7
0,2289.6,1.1
-0.3,2415.6,1.1
0,2566.8,1.7
0.1,2674.8,1.7
1.2,2804.4,1.1
0.8,2887.2,2.5
1.8,2970,1.9
1.3,3067.2,2.5
1.6,3124.8,3.1
1.1,3142.8,3.1
1.3,3171.6,3.1
1.1,3168,2.5
1.5,3132,2.5
1.3,3096,2.5
1.1,3031.2,2.5
1.2,2948.4,1.9
1.8,2854.8,1.7
1.8,2754,1.1
1.6,2653.2,1.7
2.1,2498.4,1.1
1.7,2365.2,1.1
1.5,2217.6,1.1
1.3,2253.6,1.7
1.4,2246.4,1.7
1.2,2332.8,1.7
1.5,2462.4,1.7
1.8,2566.8,1.7
2.1,2660.4,1.7
2,2782.8,1.7
2.1,2876.4,1.9
2.5,2970,1.9
2.2,3049.2,2.5
2.4,3103.2,2.5
1.8,3150,2.5
2.6,3160.8,2.5
2.5,3153.6,1.9
2.9,3139.2,1.9
2.7,3092.4,2.5
3,3027.6,2.5
2,2941.2,1.9
1.7,2844,1.9
2,2743.2,1.9
1.6,2638.8,1.7
1.6,2476.8,1.7
1.4,2368.8,1.9
0.9,2239.2,1.7
1.1,2260.8,1.1
1.6,2232,1.1
1.2,2329.2,1.7
2,2458.8,1.1
2.3,2548.8,1.1
2.2,2660.4,1.9
2.5,2782.8,1.9
2.4,2876.4,1.7
2.9,2988,1.7
2.4,3056.4,2.5
2.2,3078,1.9
2.6,3128.4,1.9
2.3,3157.2,2.5
2.1,3146.4,1.9
2.7,3124.8,2.5
2.4,3081.6,1.9
3.4,3016.8,2.5
3,2930.4,2.5
3.5,2833.2,1.7
1.6,2725.2,1.9
0.9,2620.8,1.7
0.7,2455.2,1.7
1.3,2286,1.7
2.3,2113.2,1.9
1.3,2077.2,1.7
0.6,1998,1.7
1.5,2095.2,1.1
1.4,2260.8,1.7
1.7,2466,1.9
1.6,2588.4,1.9
1.5,2746.8,1.9
0.6,2865.6,2.5
0.2,2959.2,1.9
0.7,3024,1.7
1.1,2894.4,1.1
0.6,2977.2,1.9
1.4,3142.8,1.7
1.9,3139.2,1.9
2.6,3114,1.7
2.5,3067.2,1.9
3.5,2995.2,1.7
4.1,2908.8,0.6
3.8,2804.4,1.1
5.4,2592,1.7
5.2,2368.8,2.5
5,2131.2,1.9
3.9,1803.6,2.5
3.7,1170,1.9
2,1519.2,1.7
2.3,1832.4,1.1
2.5,1731.6,1.1
3.2,2062.8,0.6
3.6,2149.2,1.1
3.5,2289.6,1.7
3.1,2383.2,1.7
3.4,2430,1.7
3,2548.8,1.9
3.2,2685.6,2.5
3.9,2790,1.1
4.5,2642.4,1.7
4.3,2736,1.9
4.2,2750.4,1.7
4.3,2750.4,1.9
4.4,2905.2,1.9
4.6,2854.8,1.9
4.5,2793.6,1.7
2.3,2635.2,1.7
3.2,2440.8,1.7
2.9,2192.4,1.7
2.9,1832.4,0.6
2.6,1558.8,1.7
1.6,1299.6,1.7
1.4,1436.4,1.7
2.1,1544.4,1.1
3.3,1886.4,1.1
2.3,2059.2,1.7
3.1,1645.2,1.7
2.9,316.8,1.7
3,1814.4,1.7
3.7,2350.8,1.1
3.6,2476.8,1.1
3.8,2624.4,1.7
4.1,2710.8,1.1
4.8,2808,1.1
3.1,2808,2.5
4.2,2678.4,1.9
3.2,2599.2,1.9
3.9,2559.6,1.7
3.5,2358,1.7
2.9,2124,1.1
3.4,1922.4,1.1
4,1580.4,1.1
2.8,1368,1.1
3.3,1245.6,1.1
3.7,1105.2,1.1
3.9,1044,0.6
3.5,1108.8,0.6
3.7,1148.4,0.6
4.3,1170,1.1
4.2,1227.6,1.7
3.1,1551.6,1.1
4.4,1803.6,1.1
4.9,2318.4,1.7
5,2404.8,1.7
5.9,2548.8,1.7
5.4,2613.6,1.7
4.7,2736,1.9
4.7,2736,1.7
3.8,2368.8,1.9
4.4,1994.4,1.7
5.7,2455.2,1.7
4,2534.4,1.9
2.8,2653.2,1.7
3.6,2426.4,1.7
3.6,2268,1.1
2.8,1735.2,1.1
1.9,1548,3.6
1.2,1609.2,3.1
0.6,1245.6,1.9
0.5,1137.6,1.9
0.6,1332,1.9
